responseID,responseID,ID,fluency,clean_response,elaboration,flexibility,originality,z_elaboration,z_flexibility,z_originality
101,101,3JALGThx,3,pouch,1.0,0.778905189237606,0.9760428291732096,-1.1468474841349299,0.18341252741871913,0.4295597076525835
253,253,3JALGThx,3,fill water,2.0,0.7434901568790686,0.9640055679958742,-0.49378155566920584,-0.14916165975255294,0.2771251309858648
156,156,3JALGThx,3,shaving cream storage,3.0,0.8155655321146102,0.9826551543297621,0.1592843727965182,0.5276811309401465,0.513295282645308
210,210,3JALGThx,3,Use bookmark,2.0,0.8854599114504382,0.9469761086285226,-0.49378155566920584,1.184042705316908,0.061471554039886
122,122,4ivPm3Ot,2,pump tire,2.0,0.7275678158715455,0.9235870246380367,-0.49378155566920584,-0.2986845957993493,-0.23471750958407653
88,88,4ivPm3Ot,2,Fill cement weight,3.0,0.7827258464278852,0.9673874901293307,0.1592843727965182,0.21929141485423728,0.3199523041391649
267,267,4ivPm3Ot,2,fill fragrance pop,3.0,0.8003899782153988,0.9490304040378676,0.1592843727965182,0.38517109588472437,0.08748624678922307
184,184,7i5oUdpb,3,fill water bowling ice,4.0,0.7019043955905385,0.9873727779535512,0.8123503012622423,-0.5396837018733873,0.5730371914874306
132,132,7i5oUdpb,3,target shooting,2.0,0.855475151825476,0.98030150004775,-0.49378155566920584,0.9024629241990785,0.48348964091229746
232,232,7i5oUdpb,3,Balloon drink stirrer,3.0,0.38015815525925134,0.921044686712426,0.1592843727965182,-3.5611264968506844,-0.2669125579198135
180,180,7i5oUdpb,3,fill confetti pop,3.0,0.651136193778705,0.9435665393665295,0.1592843727965182,-1.016435869732057,0.018294269821249088
196,196,8341gMzz,3,floating things,2.0,0.6892271044510117,0.9458796771279888,-0.49378155566920584,-0.6587331426187195,0.04758682817362276
68,68,8341gMzz,3,freeze water inside use drinks,5.0,0.7633549135981537,0.8989731723103958,1.4654162297279663,0.03738356918642809,-0.5464165002785384
159,159,8341gMzz,3,weights lift,2.0,0.7652670630271841,0.9431630575992357,-0.49378155566920584,0.05534011192431702,0.013184754335619338
37,37,8341gMzz,3,shower cap,2.0,0.7177940561703391,0.9477751499280256,-0.49378155566920584,-0.3904676599888268,0.07159026131345636
259,259,8SulpUFW,4,decorate,1.0,0.7183433998622759,0.8330282288189262,-1.1468474841349299,-0.3853089033915168,-1.3815142352483512
110,110,8SulpUFW,4,use hair tie,3.0,0.8168379243421668,0.8581810630884,0.1592843727965182,0.5396298652109107,-1.062989814505981
86,86,8SulpUFW,4,Left air squeaked toy,4.0,0.6736571609669567,0.8446969722044503,0.8123503012622423,-0.8049467969248671,-1.233746405673129
11,11,8SulpUFW,4,Phil sand use paperweight,4.0,0.8064936910594632,0.8181963180693185,0.8123503012622423,0.4424896186320917,-1.5693390238748528
136,136,8SulpUFW,4,Pop scare people,3.0,0.7765612500095139,0.8097747026630316,0.1592843727965182,0.16140114886992452,-1.6759866541285169
207,207,8vjxU3li,10,blow rice musical instrument,4.0,0.7459408701125805,0.998914043937361,0.8123503012622423,-0.1261475917891614,0.7191907033637512
98,98,8vjxU3li,10,carry b,2.0,0.8779778348905896,0.45325310129795104,-0.49378155566920584,1.1137802951331985,-6.190819270617195
92,92,8vjxU3li,10,Dip plaster globe decorated,4.0,0.6943444069097735,0.998914043937361,0.8123503012622423,-0.6106777663450901,0.7191907033637512
234,234,8vjxU3li,10,instead painting vase strap balloon outside,6.0,0.43759952556704707,0.998914043937361,2.1184821581936903,-3.0217081829912593,0.7191907033637512
142,142,8vjxU3li,10,store change,2.0,0.8813092053047665,0.9890507691913684,-0.49378155566920584,1.145064406254284,0.5942865338601571
203,203,8vjxU3li,10,Deflate use fill water,4.0,0.6689748789595964,0.9914623740896232,0.8123503012622423,-0.8489169990960685,0.6248260366870154
218,218,8vjxU3li,10,Pop use pieces artwork,4.0,0.8142363932455381,0.9954007685511334,0.8123503012622423,0.5151995023891887,0.6747001304399384
241,241,8vjxU3li,10,clown face paint ballot,4.0,0.7490466415605319,0.9814924657866703,0.8123503012622423,-0.09698202716718823,0.4985715067588828
149,149,8vjxU3li,10,use legs like resistance device strength training,7.0,0.8271385021573975,0.9818882889004457,2.7715480866594144,0.63636015362667,0.5035840364277464
146,146,8vjxU3li,10,head swim cap,3.0,0.7156378630097401,0.9914623740896232,0.1592843727965182,-0.41071595965182583,0.6248260366870154
265,265,8vjxU3li,10,pillow,1.0,0.7259084759953743,0.993976551792679,-1.1468474841349299,-0.3142670638590029,0.6566644763606356
235,235,8XFfLUrd,7,fill sand stress ball,4.0,0.7259598416886983,0.9847308227280621,0.8123503012622423,-0.3137847007897625,0.5395806335182367
137,137,8XFfLUrd,7,Transport mouse,2.0,0.7755950106645668,0.9914623740896232,-0.49378155566920584,0.1523274238622663,0.6248260366870154
32,32,8XFfLUrd,7,waterproof liner,2.0,0.7908261896508936,0.9914623740896232,-0.49378155566920584,0.2953598209459487,0.6248260366870154
192,192,8XFfLUrd,7,parachute,1.0,0.5525977060696083,0.998914043937361,-1.1468474841349299,-1.9417874866151383,0.7191907033637512
237,237,8XFfLUrd,7,carry water,2.0,0.7700302364952385,0.998914043937361,-0.49378155566920584,0.10006994665824176,0.7191907033637512
150,150,8XFfLUrd,7,bungee chord,2.0,0.754725543601854,0.984430052964331,-0.49378155566920584,-0.04365280212801743,0.5357718176312113
173,173,8XFfLUrd,7,Tie weight long line use buoy,6.0,0.7574669399345251,0.9959030278901497,2.1184821581936903,-0.01790899797665346,0.681060521611314
43,43,8XFfLUrd,7,cooking aid,2.0,0.852545318452568,0.994340461979475,-0.49378155566920584,0.8749495524004149,0.6612728747705172
183,183,a3O7LUxg,8,fill water freeze fort,4.0,0.7148858243933152,0.9914623740896232,0.8123503012622423,-0.41777817631301245,0.6248260366870154
238,238,a3O7LUxg,8,water bottle,2.0,0.7349296047176741,0.9879032447793474,-0.49378155566920584,-0.229551779066583,0.5797547898542621
49,49,a3O7LUxg,8,use gift bags,3.0,0.7598496773093324,0.5651752749976102,0.1592843727965182,0.004466724785551643,-4.773486131775793
164,164,a3O7LUxg,8,use practice holding gently,4.0,0.7877301394437971,0.9085647586781638,0.8123503012622423,0.26628554619610967,-0.4249528727977362
6,6,a3O7LUxg,8,deflated ones ears block noise,5.0,0.6973211063864858,0.998914043937361,1.4654162297279663,-0.5827242860574433,0.7191907033637512
280,280,a3O7LUxg,8,drawing,1.0,0.8067239568825809,0.8534804568519456,-1.1468474841349299,0.4446519904797692,-1.122516222646066
42,42,a3O7LUxg,8,fill water throw,3.0,0.7507558101545705,0.7112203046475222,0.1592843727965182,-0.08093162941104957,-2.9240361662903074
256,256,a3O7LUxg,8,fill juice,2.0,0.7892444846193166,0.998914043937361,-0.49378155566920584,0.2805064033379705,0.7191907033637512
158,158,a3O7LUxg,8,condom,1.0,0.7149932553100995,0.998914043937361,-1.1468474841349299,-0.41676931799926303,0.7191907033637512
233,233,AOqI6isn,3,filler vase flowers place,4.0,0.6491410978415281,0.9868036001208895,0.8123503012622423,-1.035171343496925,0.5658293739705007
40,40,AOqI6isn,3,light cover,2.0,0.775105844059837,0.9288792046625662,-0.49378155566920584,0.1477337760487511,-0.16769967140655448
276,276,AOqI6isn,3,loud bang noise toy,4.0,0.7967727782634288,0.9914623740896232,0.8123503012622423,0.35120282722175994,0.6248260366870154
45,45,AOqI6isn,3,punching toy,2.0,0.6933909707140262,0.9431775616475896,-0.49378155566920584,-0.6196312600087457,0.013368427219193856
31,31,BFJVCx5x,4,rubber gloves,2.0,0.7369710971453013,0.9733311501884716,-0.49378155566920584,-0.2103806068405961,0.39522019868912694
20,20,BFJVCx5x,4,marker,1.0,0.8053317909803459,0.9720368766989332,-1.1468474841349299,0.431578489977044,0.37883008896547876
288,288,BFJVCx5x,4,butt cushion,2.0,0.7050703248550172,0.981878563189948,-0.49378155566920584,-0.5099532094340117,0.5034608743113276
29,29,BFJVCx5x,4,fashion accessory,2.0,0.8593300456775996,0.9736512744801447,-0.49378155566920584,0.9386633200231559,0.3992741117980155
54,54,BFJVCx5x,4,create hoax ufo video,4.0,0.7567870727124679,0.9529577238058706,0.8123503012622423,-0.024293470154201566,0.1372200954987259
97,97,bnvwtbLQ,8,capture rain water,3.0,0.763623276311371,0.9914623740896232,0.1592843727965182,0.03990369991260546,0.6248260366870154
48,48,bnvwtbLQ,8,drums cans,2.0,0.8927151490700405,0.998914043937361,-0.49378155566920584,1.2521749246989404,0.7191907033637512
204,204,bnvwtbLQ,8,Detach string use thread,4.0,0.8267767052180666,0.994763003898433,0.8123503012622423,0.6329626041962223,0.6666237596264158
219,219,bnvwtbLQ,8,Sun shield,2.0,0.8040193652311655,0.9386427751116735,-0.49378155566920584,0.41925381037948,-0.04405811322821765
249,249,bnvwtbLQ,8,slingshot,1.0,0.7196611387043754,0.9524800235776021,-1.1468474841349299,-0.3729343297958043,0.13117071009477563
262,262,bnvwtbLQ,8,sit,1.0,0.8902431080247032,0.9870444497188126,-1.1468474841349299,1.228960572302369,0.5688793872549905
222,222,bnvwtbLQ,8,murder weapon suffocation,3.0,0.8892763781928777,0.9423422426873547,0.1592843727965182,1.2198822412485204,0.0027903156197842975
130,130,bnvwtbLQ,8,store liquor,2.0,0.8764362238167215,0.9146611607254302,-0.49378155566920584,1.0993033903929912,-0.3477507209481993
261,261,bnvwtbLQ,8,pop,1.0,0.7993015448939924,0.9383829945875877,-1.1468474841349299,0.37494987616389586,-0.04734785942811242
193,193,dAw8I6QL,3,gender reveal,2.0,0.9478919422550501,0.9456174423810096,-0.49378155566920584,1.7703271307577984,0.044266002775371904
182,182,dAw8I6QL,3,tie long stick pool float,5.0,0.6650671698739385,0.9152811472632381,1.4654162297279663,-0.8856133702784363,-0.3398994843556309
89,89,dAw8I6QL,3,Fill paint poke holes paint art,6.0,0.7422021844475943,0.9218842584382291,2.1184821581936903,-0.1612567040309271,-0.2562805911693449
286,286,dAw8I6QL,3,mud covers shoes,3.0,0.845341765971549,0.9053867200583285,0.1592843727965182,0.8073026959224491,-0.46519815488542654
12,12,DGsLkZMG,2,Blow little bit use fishing bomber,6.0,0.7321324271087819,0.8906707492670096,2.1184821581936903,-0.255819411981134,-0.6515547309177051
185,185,DGsLkZMG,2,hair tie,2.0,0.8199356533975357,0.9625889684276258,-0.49378155566920584,0.5687199056275414,0.25918593765019166
224,224,DGsLkZMG,2,use mulch popped,3.0,0.8237662903650722,0.9555438420041005,0.1592843727965182,0.6046925107893595,0.16996955793454294
96,96,DtX7BDmn,6,PPE blood,2.0,0.8875420048758252,0.9652984127890923,-0.49378155566920584,1.2035951519037824,0.29349714832823504
271,271,DtX7BDmn,6,fill confetti blow use confetti gun,6.0,0.6438233131065103,0.9373660738600902,2.1184821581936903,-1.085109401378552,-0.060225695865819835
202,202,DtX7BDmn,6,Draw pictures balloons release create soaring art work,8.0,0.6288133513246976,0.9631588173485337,3.4246140151251385,-1.2260644000503187,0.26640225353325514
106,106,DtX7BDmn,6,Pop noisemaker,2.0,0.7654809864365669,0.9352641675516485,-0.49378155566920584,0.05734901603238466,-0.0868433120826787
23,23,DtX7BDmn,6,flag,1.0,0.7922719468218651,0.9853525840448158,-1.1468474841349299,0.3089365843698843,0.5474543451301066
73,73,DtX7BDmn,6,wear hat,2.0,0.8389870744552055,0.9462891969515969,-0.49378155566920584,0.7476272918630584,0.05277280694642359
104,104,DtX7BDmn,6,whoopie cushion,2.0,0.7453529229383756,0.9836249544669765,-0.49378155566920584,-0.13166886455212945,0.5255764046704697
231,231,fXt6vbKa,5,Frozen water balloon ice,4.0,0.48521883197478854,0.9919849834528155,0.8123503012622423,-2.5745265466204934,0.6314441316063374
44,44,fXt6vbKa,5,sky decoration object requires helium,5.0,0.5210047093704371,0.9890507691913684,1.4654162297279663,-2.238469841473941,0.5942865338601571
78,78,fXt6vbKa,5,trip wire type device,4.0,0.6923861214457483,0.991462374089623,0.8123503012622423,-0.6290675616685582,0.6248260366870125
161,161,fXt6vbKa,5,decorate cake hole cut,4.0,0.6478912177869918,0.724397626614352,0.8123503012622423,-1.046908671278832,-2.757164361647832
111,111,fXt6vbKa,5,cut lip use ring,4.0,0.7782590444351103,0.9933986729090836,0.8123503012622423,0.1773447345021571,0.6493464725649416
22,22,fXt6vbKa,5,celebration,1.0,0.747241670558233,0.7129447362680843,-1.1468474841349299,-0.11393208266565719,-2.902198723353867
84,84,gTvYcIjH,7,hot air ride,3.0,0.6749097148004235,0.8930234859527051,0.1592843727965182,-0.7931843603178296,-0.6217607092205173
179,179,gTvYcIjH,7,gasket,1.0,0.8488675925795371,0.8122727758646786,-1.1468474841349299,0.8404128991374925,-1.6443521547714277
80,80,gTvYcIjH,7,floatation device,2.0,0.7373723473492618,0.8555318572002356,-0.49378155566920584,-0.20661256113945153,-1.0965381916755057
62,62,gTvYcIjH,7,hastily way transport water ranking,5.0,0.817941582861028,0.8376672663128674,1.4654162297279663,0.5499940611576758,-1.3227675065604811
230,230,gTvYcIjH,7,Surprise love,2.0,0.8397821164867492,0.9219500483817186,-0.49378155566920584,0.7550933434179681,-0.25544745628616805
24,24,gTvYcIjH,7,bag,1.0,0.7420145743570364,0.9398843669152578,-1.1468474841349299,-0.16301850598950643,-0.028335141184660507
263,263,gTvYcIjH,7,lean,1.0,0.970162397534461,0.8822016070610816,-1.1468474841349299,1.9794637055179438,-0.758804219640409
8,8,gTvYcIjH,7,waterproof hat,2.0,0.8008054033574934,0.9650049720843552,-0.49378155566920584,0.3890722550750903,0.2897811444180091
2,2,hNMu9RSE,7,secret message inside let float away,6.0,0.7450800379589073,0.9930697725861984,2.1184821581936903,-0.13423146281038137,0.6451814236600512
71,71,hNMu9RSE,7,recycle shirt,2.0,0.8299879052578063,0.941107215512896,-0.49378155566920584,0.6631182237717992,-0.012849524850319646
76,76,hNMu9RSE,7,pass halloween,2.0,0.7120537873886406,0.9203524438784095,-0.49378155566920584,-0.44437316556315126,-0.27567881643986253
26,26,hNMu9RSE,7,float,1.0,0.6053896514974422,0.9836949936075049,-1.1468474841349299,-1.4460308214198423,0.5264633495144222
141,141,hNMu9RSE,7,brink sibling line,3.0,0.9027304051328938,0.9669180283620363,0.1592843727965182,1.3462258240654819,0.31400724697836613
34,34,hNMu9RSE,7,canteen,1.0,0.9278233603936764,0.998914043937361,-1.1468474841349299,1.581867828147065,0.7191907033637512
103,103,hNMu9RSE,7,,,,0.9972478975389014,,,0.6980913588224713
28,28,hNMu9RSE,7,hat,1.0,0.8120026468212344,0.998914043937361,-1.1468474841349299,0.49422291838133964,0.7191907033637512
152,152,ieEtPuLP,5,ear cover,2.0,0.78476963751827,0.9422047606514365,-0.49378155566920584,0.23848417327815405,0.0010493036374309367
117,117,ieEtPuLP,5,food holder,2.0,0.7600967035488786,0.9422047606514365,-0.49378155566920584,0.006786489737206377,0.0010493036374309367
215,215,ieEtPuLP,5,use hold breadcrumbs,3.0,0.915217418058932,0.96026668099517,0.1592843727965182,1.4634884071412586,0.22977751189206594
228,228,ieEtPuLP,5,let pets play,3.0,0.9019268528189127,0.949078161107226,0.1592843727965182,1.3386798544623386,0.08809102129259497
268,268,ieEtPuLP,5,balloon poms poms,3.0,0.45252060213618184,0.9085168113770414,0.1592843727965182,-2.881587884315207,-0.42556005631242616
225,225,ieEtPuLP,5,use scrub windows remove dirty,5.0,0.8954660501009883,0.8744888492731615,1.4654162297279663,1.2780079852223358,-0.8564751890589523
38,38,ieEtPuLP,5,blackout glasses,2.0,0.8374256302085303,0.9685289573549779,-0.49378155566920584,0.7329641384909548,0.3344073426032374
145,145,inJfUF1A,3,water bottle,2.0,0.7349296047176741,0.7998413287661171,-0.49378155566920584,-0.229551779066583,-1.8017785284212688
147,147,inJfUF1A,3,stretch drum,2.0,0.7577791566729654,0.8223754839064009,-0.49378155566920584,-0.014977044478578727,-1.5164159074108554
79,79,inJfUF1A,3,mini hammock rodent,3.0,0.7352182838818142,0.9142192804686763,0.1592843727965182,-0.22684086135810225,-0.3533464980010804
13,13,inJfUF1A,3,Use balsa wood plane propeller rubber band,7.0,0.7073376371864677,0.8495527470598296,2.7715480866594144,-0.48866141593622103,-1.1722550104492448
279,279,jT0FGhyh,7,game,1.0,0.907755088005518,0.998914043937361,-1.1468474841349299,1.3934114317260533,0.7191907033637512
174,174,jT0FGhyh,7,Use fishing bobble know right words float,7.0,0.7338072575510834,0.998914043937361,2.7715480866594144,-0.24009147568111638,0.7191907033637512
102,102,jT0FGhyh,7,rubberband,1.0,0.7937242256455787,0.9914623740896232,-1.1468474841349299,0.3225745910912352,0.6248260366870154
154,154,jT0FGhyh,7,flotation device,2.0,0.724476828738867,0.9928094810143243,-0.49378155566920584,-0.32771132441561185,0.6418852057759319
99,99,jT0FGhyh,7,watering,1.0,0.8313815046844273,0.998914043937361,-1.1468474841349299,0.6762051861627596,0.7191907033637512
227,227,jT0FGhyh,7,use toy adult,3.0,0.7157398878617429,0.998914043937361,0.1592843727965182,-0.40975786841298123,0.7191907033637512
211,211,jT0FGhyh,7,Blow use fill space planter box,6.0,0.707980879553491,0.998914043937361,2.1184821581936903,-0.4826208791042584,0.7191907033637512
65,65,jT0FGhyh,7,pop scare friends family,4.0,0.7969285661152596,0.9818882889004457,0.8123503012622423,0.3526657940678511,0.5035840364277464
191,191,kiA4dIKm,9,dip glow dark paint glow balloons,6.0,0.6249244636872321,0.9451158142866467,2.1184821581936903,-1.2625840234672017,0.03791360540840923
72,72,kiA4dIKm,9,tie ring,2.0,0.7597107285546731,0.9699075662922088,-0.49378155566920584,0.0031618899156740997,0.3518654393114338
35,35,kiA4dIKm,9,instrument,1.0,0.7589806628377208,0.9553324434647481,-1.1468474841349299,-0.00369398444691145,0.16729249989123857
247,247,kiA4dIKm,9,helium trick,2.0,0.4575862023565269,0.9666896390049434,-0.49378155566920584,-2.834018031526134,0.3111150246986675
153,153,kiA4dIKm,9,tourniquet,1.0,0.7341695086464947,0.9431154388875481,-1.1468474841349299,-0.2366896613784042,0.012581731932884036
19,19,kiA4dIKm,9,use pillow,2.0,0.7375718318382383,0.9531577518536752,-0.49378155566920584,-0.20473924951564826,0.13975316264243606
133,133,kiA4dIKm,9,ball game,2.0,0.791400121696276,0.9733311501884716,-0.49378155566920584,0.30074948095111903,0.39522019868912694
213,213,kiA4dIKm,9,use hair tie,3.0,0.8168379243421668,0.9589304694715403,0.1592843727965182,0.5396298652109107,0.21285631736608848
112,112,kiA4dIKm,9,fill putty use stress ball,5.0,0.732966427927404,0.9650488907823697,1.4654162297279663,-0.24798750767718258,0.29033731147635894
248,248,kiA4dIKm,9,hold liquids,2.0,0.8108308098927288,0.9611303233010943,-0.49378155566920584,0.48321847512545035,0.24071429787315896
134,134,kPEmVDSW,7,target punching,2.0,0.8196429194636102,0.9901540187090592,-0.49378155566920584,0.5659709105356522,0.6082576000943606
15,15,kPEmVDSW,7,sit use cushion,3.0,0.7805734217315706,0.8920556750646356,0.1592843727965182,0.19907850394744725,-0.6340166402701896
9,9,kPEmVDSW,7,use tie,2.0,0.8059031696630614,0.9039496286037743,-0.49378155566920584,0.4369441719577155,-0.4833968484486108
63,63,kPEmVDSW,7,fill oxygen hydrogen mix fun science experiment,7.0,0.7251504312259638,0.8856264008612388,2.7715480866594144,-0.3213856828813959,-0.7154341385724063
245,245,kPEmVDSW,7,decorations wall room,3.0,0.6693775486139909,0.9914623740896232,0.1592843727965182,-0.8451356236718411,0.6248260366870154
223,223,kPEmVDSW,7,temporary marker cap,3.0,0.7293952196172063,0.9350762182776,0.1592843727965182,-0.28152387971714654,-0.08922341895269897
283,283,kPEmVDSW,7,fake boobs,2.0,0.7962627249579085,0.9107898559688051,-0.49378155566920584,0.34641303734439577,-0.39677522021179634
1,1,kPEmVDSW,7,hide money,2.0,0.8647354899934441,0.998914043937361,-0.49378155566920584,0.9894245682818539,0.7191907033637512
95,95,L5mX7ray,3,use ice cube maker,4.0,0.7713236936436884,0.8816383531334623,0.8123503012622423,0.11221649661566074,-0.7659370194316261
252,252,L5mX7ray,3,bang noise,2.0,0.854817427315218,0.9782386981766341,-0.49378155566920584,0.8962863889875013,0.457367226075697
172,172,L5mX7ray,3,decoration cooking,2.0,0.7505301346055173,0.9324362374076185,-0.49378155566920584,-0.08305089508137153,-0.12265497455287001
167,167,L5mX7ray,3,waterproofing small items,3.0,0.8349639579540835,0.9556185139169111,0.1592843727965182,0.7098471569556445,0.17091517016730023
4,4,m6KNrYOy,2,fill cold water hurt spot body,6.0,0.7888127031734362,0.998914043937361,2.1184821581936903,0.2764516459698131,0.7191907033637512
93,93,m6KNrYOy,2,Hide key,2.0,0.9375533308703283,0.9170427292379935,-0.49378155566920584,1.6732396780923868,-0.31759158568752177
151,151,m6KNrYOy,2,waterproof socks,2.0,0.8453300190346806,0.962824328625419,-0.49378155566920584,0.8071923832184767,0.2621664355879086
81,81,MWkWuW3u,3,condom,1.0,0.7149932553100995,0.9881301320763504,-1.1468474841349299,-0.41676931799926303,0.5826279907061982
140,140,MWkWuW3u,3,tie car stadium find easier later,6.0,0.8002812164619008,0.9457892690700901,2.1184821581936903,0.3841497399983667,0.046441940326626366
278,278,MWkWuW3u,3,punching bag,2.0,0.7424229519694294,0.9478933648087984,-0.49378155566920584,-0.15918352848262296,0.0730872825245801
121,121,MWkWuW3u,3,carry mouse,2.0,0.7772325417595726,0.9819815000250708,-0.49378155566920584,0.1677050908194994,0.5047644210778371
94,94,NEHDYmro,7,nitric,1.0,0.9107721940126112,0.998914043937361,-1.1468474841349299,1.4217443601774575,0.7191907033637512
61,61,NEHDYmro,7,rude noises,2.0,0.8965104794115968,0.9945977354248566,-0.49378155566920584,1.2878159736922299,0.664530872429335
178,178,NEHDYmro,7,diaphragm carburettor,2.0,0.8344361870122687,0.9879032447793474,-0.49378155566920584,0.7048909849490882,0.5797547898542621
74,74,NEHDYmro,7,grow seedlings,2.0,0.9270901428985264,0.998914043937361,-0.49378155566920584,1.5749823561813596,0.7191907033637512
281,281,NEHDYmro,7,finger gloves,2.0,0.7838254180813566,0.9918565420603946,-0.49378155566920584,0.22961723201536913,0.6298176063534816
55,55,NEHDYmro,7,stamp design paper,3.0,0.7903825043872421,0.9170427292379936,0.1592843727965182,0.2911932776423906,-0.31759158568752033
170,170,NEHDYmro,7,garden tie,2.0,0.7723663682940891,0.998914043937361,-0.49378155566920584,0.1220080074868213,0.7191907033637512
208,208,NEHDYmro,7,blow pudding snack holder,4.0,0.6990326301168246,0.8090223481933154,0.8123503012622423,-0.5666517717737017,-1.6855141399415225
131,131,O9FeIQhN,5,sheet ghost,2.0,0.7399203245144114,0.9890507691913684,-0.49378155566920584,-0.18268511061359333,0.5942865338601571
250,250,O9FeIQhN,5,hold helium,2.0,0.4875018893369377,0.9699075662922088,-0.49378155566920584,-2.5530868952658023,0.3518654393114338
120,120,O9FeIQhN,5,hat,1.0,0.8120026468212344,0.9700913911870873,-1.1468474841349299,0.49422291838133964,0.354193316859225
269,269,O9FeIQhN,5,freeze water balloons things cold,5.0,0.5939077361957511,0.9640793517832182,1.4654162297279663,-1.5538547705827397,0.2780594963886716
85,85,O9FeIQhN,5,party decoration,2.0,0.6435047101192898,0.9356567031210581,-0.49378155566920584,-1.0881013266274826,-0.08187241442846505
119,119,O9FeIQhN,5,sock,1.0,0.7581513041153989,0.9422047606514365,-1.1468474841349299,-0.011482295923157434,0.0010493036374309367
64,64,Ondj7mVH,1,gift birthdays,2.0,0.7425183133218797,0.9828893783624817,-0.49378155566920584,-0.1582880125910202,0.5162613926886792
240,240,Ondj7mVH,1,cover leak,2.0,0.7980890219588945,0.9890553672799123,-0.49378155566920584,0.3635633602492918,0.5943447620293678
14,14,Ot28FUYH,6,Use demonstrate hamlet engine,4.0,0.8519586157339392,0.7487489055122052,0.8123503012622423,0.869439966025235,-2.4487904852816182
214,214,Ot28FUYH,6,cut pieces create kitty litter,5.0,0.8273174553241498,0.998914043937361,1.4654162297279663,0.6380406604626331,0.7191907033637512
244,244,Ot28FUYH,6,use paper ache,3.0,0.8059467450344995,0.9928094810143243,0.1592843727965182,0.4373533779578678,0.6418852057759319
36,36,Ot28FUYH,6,rubber band,2.0,0.7126924830168728,0.998914043937361,-0.49378155566920584,-0.4383753260790943,0.7191907033637512
257,257,Ot28FUYH,6,freeze ice,2.0,0.7507307507716321,0.952084301694781,-0.49378155566920584,-0.08116695614539723,0.12615946237015446
3,3,Ot28FUYH,6,write names tie chairs place cards,6.0,0.8597865057701801,0.991462374089623,2.1184821581936903,0.9429498287217561,0.6248260366870125
47,47,Ot28FUYH,6,face mask,2.0,0.7524411965991722,0.7458071530443344,-0.49378155566920584,-0.06510456419172983,-2.4860435435555788
258,258,OuzOcDkX,4,float pool,2.0,0.6616149936951219,0.9392408444022023,-0.49378155566920584,-0.9180319397440437,-0.036484427007070774
216,216,OuzOcDkX,4,glue create nonslip mat rug,5.0,0.8248137005686988,0.9738605649310997,1.4654162297279663,0.6145284921200966,0.40192447393785125
217,217,OuzOcDkX,4,packing material,2.0,0.7836620845864014,0.8756547611539184,-0.49378155566920584,0.2280834058205306,-0.8417105942432723
41,41,OuzOcDkX,4,garden decoration,2.0,0.7300843508384925,0.9834060162709447,-0.49378155566920584,-0.2750524115153573,0.5228038677339845
266,266,OuzOcDkX,4,create static,2.0,0.8298033783783674,0.9579571296600305,-0.49378155566920584,0.6613853755191318,0.20053037046383887
69,69,Q9sGDcdr,6,paint use art piece,4.0,0.7815509430262659,0.9924745737619108,0.8123503012622423,0.20825817507508157,0.6376440877597851
58,58,Q9sGDcdr,6,improvised sling shot,3.0,0.7595801824533579,0.998914043937361,0.1592843727965182,0.00193596237468657,0.7191907033637512
113,113,Q9sGDcdr,6,patch,1.0,0.899403384591435,0.8551284353037251,-1.1468474841349299,1.314982561569604,-1.1016469489838923
126,126,Q9sGDcdr,6,smuggle things prison,3.0,0.9028054370846464,0.9783625007628749,0.1592843727965182,1.346930431366511,0.45893500752912203
274,274,Q9sGDcdr,6,toy,1.0,0.6759147222666693,0.9882894172615123,-1.1468474841349299,-0.783746573058342,0.584645108172683
165,165,Q9sGDcdr,6,noise,1.0,0.9059412460194753,0.8821797416173083,-1.1468474841349299,1.3763780709187512,-0.7590811139950399
155,155,Q9sGDcdr,6,storage oil,2.0,0.831470232257012,0.8656452061276969,-0.49378155566920584,0.6770384057976678,-0.9684671928221239
181,181,qgPJerbc,3,entertain cat,2.0,0.8324731002698502,0.9921063640603095,-0.49378155566920584,0.6864561019565515,0.6329812421870844
186,186,qgPJerbc,3,rubber band,2.0,0.7126924830168728,0.984430052964331,-0.49378155566920584,-0.4383753260790943,0.5357718176312113
118,118,qgPJerbc,3,cup,1.0,0.8544446736948907,0.998914043937361,-1.1468474841349299,0.8927859479589443,0.7191907033637512
100,100,qgPJerbc,3,bike seat dry,3.0,0.7900446938923165,0.9890507691913684,0.1592843727965182,0.28802097923445935,0.5942865338601571
209,209,qMcwUIGM,2,blow use pillow,3.0,0.6833750750941116,0.9860010875820675,0.1592843727965182,-0.7136881653042855,0.5556667084502576
7,7,qMcwUIGM,2,stretch write secret message,4.0,0.8465239920190213,0.965957856144754,0.8123503012622423,0.8184047009357532,0.3018480486929494
115,115,qMcwUIGM,2,doll blanket,2.0,0.7082628376133842,0.9709549385413858,-0.49378155566920584,-0.47997307769507075,0.36512890041472745
21,21,QpnPVP2Q,3,toy,1.0,0.6759147222666693,0.998914043937361,-1.1468474841349299,-0.783746573058342,0.7191907033637512
160,160,QpnPVP2Q,3,use propel matchbox car,4.0,0.7550453652586497,0.991462374089623,0.8123503012622423,-0.040649432641529135,0.6248260366870125
197,197,QpnPVP2Q,3,invitation card,2.0,0.7890372188678934,0.9949822711748988,-0.49378155566920584,0.27856001972012756,0.6694004638926541
10,10,QpnPVP2Q,3,use insulate,2.0,0.8725755133515376,0.9866671495537751,-0.49378155566920584,1.0630483721322883,0.564101424055018
25,25,qyV1HDmQ,0,voice changer,2.0,0.9690391622735235,0.9822036114942964,-0.49378155566920584,1.9689156690195855,0.5075771429491522
175,175,R3IPuMaE,4,Fill sand use hack sack,5.0,0.8004096642075822,0.9914623740896232,1.4654162297279663,0.3853559623782169,0.6248260366870154
77,77,R3IPuMaE,4,decorate instead easter eggs,4.0,0.7020952337086426,0.998914043937361,0.8123503012622423,-0.5378915862721022,0.7191907033637512
108,108,R3IPuMaE,4,bungee cord,2.0,0.6647121685450802,0.9928297401054789,-0.49378155566920584,-0.8889471037392594,0.6421417579881255
66,66,R3IPuMaE,4,tie gift,2.0,0.743228617839585,0.998914043937361,-0.49378155566920584,-0.15161771097366195,0.7191907033637512
176,176,R3IPuMaE,4,Use booties dog cat protect sidewalk salt etc,8.0,0.8515527875008048,0.998914043937361,3.4246140151251385,0.8656289291356051,0.7191907033637512
163,163,rt1cQJHC,4,funnel,1.0,0.6804479521691071,0.9833930035789404,-1.1468474841349299,-0.7411760839281707,0.5226390807307166
246,246,rt1cQJHC,4,balloon tennis game,3.0,0.4576852169559622,0.7862151754089812,0.1592843727965182,-2.833088208856712,-1.9743341362119935
18,18,rt1cQJHC,4,use condom,2.0,0.7346211104434877,0.9358185479229998,-0.49378155566920584,-0.2324487757838489,-0.079822883101842
127,127,rt1cQJHC,4,plug punctured lung,3.0,0.6640269609478594,0.9161948985061376,0.1592843727965182,-0.8953817261160578,-0.3283281408549737
67,67,rt1cQJHC,4,use tie plant stake,4.0,0.8540599751151751,0.9224419037096342,0.8123503012622423,0.8891733346437953,-0.24921881693145687
212,212,SG89f5RZ,8,use condom,2.0,0.7346211104434877,0.9019314750754414,-0.49378155566920584,-0.2324487757838489,-0.5089538563267078
53,53,SG89f5RZ,8,frozen water balls,3.0,0.6957532178703938,0.9448749336494481,0.1592843727965182,-0.5974479560384698,0.03486319905619696
90,90,SG89f5RZ,8,Paint decorated,2.0,0.7495318363736339,0.82725303487588,-0.49378155566920584,-0.09242567750884334,-1.4546487490640039
87,87,SG89f5RZ,8,Fill sand stress ball,4.0,0.7259598416886983,0.8365990252767247,0.8123503012622423,-0.3137847007897625,-1.3362952407953275
27,27,SG89f5RZ,8,hamster hot air balloon,4.0,0.3753675754890211,0.9096021833056346,0.8123503012622423,-3.6061136976820674,-0.4118153839967208
273,273,SG89f5RZ,8,fill non toxic paint paint fight,6.0,0.8216022045359568,0.8017318083454948,2.1184821581936903,0.5843700929442878,-1.7778383272298124
251,251,SG89f5RZ,8,slap,1.0,0.8982355319630695,0.8223754839064009,-1.1468474841349299,1.304015533933362,-1.5164159074108554
198,198,SG89f5RZ,8,snowball,1.0,0.7026978865716138,0.9576537207685937,-1.1468474841349299,-0.5322322158663377,0.19668813382531009
50,50,SG89f5RZ,8,table centrepieces,2.0,0.7581106536830641,0.9079990216644472,-0.49378155566920584,-0.011864034512439033,-0.43211711729821684
187,187,ShSCD4SA,1,bowl,1.0,0.8272036387725404,0.9670177921009314,-1.1468474841349299,0.6369718361635358,0.3152706110510669
169,169,ShSCD4SA,1,pen grip,2.0,0.8257189464668893,0.9914623740896232,-0.49378155566920584,0.623029442104637,0.6248260366870154
162,162,tLD4uJLr,1,liner,1.0,0.7459997961292408,0.9725900375542492,-1.1468474841349299,-0.12559423151277768,0.385835074532084
75,75,tLD4uJLr,1,block mouse holes,3.0,0.7477383616743227,0.9914623740896232,0.1592843727965182,-0.10926777394679427,0.6248260366870154
285,285,upWtM3XV,3,cell phone cover,3.0,0.855614713523346,0.9949822711748988,0.1592843727965182,0.9037735150735823,0.6694004638926541
226,226,upWtM3XV,3,Use decorations,2.0,0.6797310806705446,0.998914043937361,-0.49378155566920584,-0.7479080545085457,0.7191907033637512
206,206,upWtM3XV,3,flatten use drawing circles,4.0,0.7758370361702728,0.998914043937361,0.8123503012622423,0.1546002281059555,0.7191907033637512
205,205,upWtM3XV,3,Cut apart use improvised shoes,5.0,0.8250266121783607,0.991462374089623,1.4654162297279663,0.6165278946564479,0.6248260366870125
199,199,vUbFxArB,4,color coordinating device,3.0,0.7565146763933934,0.9691877666249012,0.1592843727965182,-0.026851479518346863,0.34275021318529
270,270,vUbFxArB,4,stretch cans drum,3.0,0.774527462020258,0.9422701286561219,0.1592843727965182,0.14230232720126593,0.0018770952733326764
129,129,vUbFxArB,4,wallet water proof,3.0,0.8001905861024649,0.8650297467702198,0.1592843727965182,0.3832986517424733,-0.9762610991958791
287,287,vUbFxArB,4,water bottle,2.0,0.7349296047176741,0.8072628083520086,-0.49378155566920584,-0.229551779066583,-1.7077961779306
272,272,vUbFxArB,4,small inside waterproof,3.0,0.74480062994002,0.9663629392602874,0.1592843727965182,-0.136855317388003,0.30697784294776076
139,139,vWWuV7Rl,3,dip balloon paint picture press paper,6.0,0.5204643973539226,0.9835769354437073,2.1184821581936903,-2.2435437837448946,0.5249683128980842
114,114,vWWuV7Rl,3,bandage,1.0,0.7139032104801809,0.998914043937361,-1.1468474841349299,-0.42700567101513237,0.7191907033637512
277,277,vWWuV7Rl,3,blockade,1.0,0.8770364793933272,0.9665815254302255,-1.1468474841349299,1.1049402484498647,0.3097459219807595
70,70,vWWuV7Rl,3,use art project,3.0,0.82793697665937,0.9856603484857209,0.1592843727965182,0.6438584386990115,0.5513517385297587
56,56,WjInz2pD,3,use example wasteful plastic,4.0,0.7869389173175712,0.9573670863056881,0.8123503012622423,0.25885536646797824,0.19305832116548605
255,255,WjInz2pD,3,fill shaving cream,3.0,0.8014891516431575,0.9860314829222396,0.1592843727965182,0.39549317340243634,0.5560516216579648
229,229,WjInz2pD,3,Balloon Birthday Party,3.0,0.3377334800135695,0.8390558587239774,0.1592843727965182,-3.9595265813966054,-1.3051829835338713
157,157,WjInz2pD,3,toy plane engine,3.0,0.6582697254513286,0.9170427292379936,0.1592843727965182,-0.9494465620938448,-0.31759158568752033
52,52,X4xdkpC1,2,measure lung capacity,3.0,0.8169948581989616,0.9765722510907601,0.1592843727965182,0.541103593918392,0.4362640737613656
138,138,X4xdkpC1,2,Practice makeup,2.0,0.9146649637668312,0.962824328625419,-0.49378155566920584,1.458300439633997,0.2621664355879086
105,105,X4xdkpC1,2,hemmorhoid pillow,2.0,0.7781467165628948,0.5753039803573502,-0.49378155566920584,0.1762898900389206,-4.645220665824039
264,264,X4xdkpC1,2,neck pillow,2.0,0.7179979345378744,0.9879032447793474,-0.49378155566920584,-0.3885530864913803,0.5797547898542621
16,16,xgoSH35r,6,fill water use drink container,5.0,0.7594286770154526,0.9624039857043203,1.4654162297279663,0.0005132106642467899,0.2568433978728859
128,128,xgoSH35r,6,polka dot dipping paint,4.0,0.7516199435561413,0.9816997096845932,0.8123503012622423,-0.07281675715213255,0.5011959522520256
148,148,xgoSH35r,6,candle candle gets low pop ballot warn,7.0,0.7392824343117304,0.985318613741287,2.7715480866594144,-0.1886753865369193,0.5470241601601731
194,194,xgoSH35r,6,confetti launcher,2.0,0.6445100568897518,0.899598088496985,-0.49378155566920584,-1.0786603530424035,-0.5385028367838668
144,144,xgoSH35r,6,container soup,2.0,0.794271202458601,0.9293760087028496,-0.49378155566920584,0.3277111208888303,-0.16140836373687406
195,195,xgoSH35r,6,pillow,1.0,0.7259084759953743,0.9796233805235044,-1.1468474841349299,-0.3142670638590029,0.4749022337700116
190,190,xgoSH35r,6,water balloons,2.0,0.3881357827342248,0.9728965693296762,-0.49378155566920584,-3.4862104853055214,0.38971685799874856
5,5,XVKZEeYJ,4,place sitting scare,3.0,0.7848099547208156,0.9431154388875481,0.1592843727965182,0.238862782585351,0.012581731932884036
254,254,XVKZEeYJ,4,fill air,2.0,0.6700351629981613,0.9134029415189449,-0.49378155566920584,-0.8389601226282879,-0.36368425510260166
188,188,XVKZEeYJ,4,bag,1.0,0.7420145743570364,0.9381308102810567,-1.1468474841349299,-0.16301850598950643,-0.0505414104727983
201,201,XVKZEeYJ,4,lantern,1.0,0.7152303548332044,0.9488721750014689,-1.1468474841349299,-0.4145427724923435,0.08548250392575203
239,239,XVKZEeYJ,4,decoration,1.0,0.6834807255340667,0.9507265131618875,-1.1468474841349299,-0.7126960270270519,0.10896502609720497
260,260,Y4UsUD3D,12,play,1.0,0.9537882118031507,0.683111967227543,-1.1468474841349299,1.8256976026085612,-3.27998777789838
243,243,Y4UsUD3D,12,animals balloons,2.0,0.4193254692374463,0.8060399981849008,-0.49378155566920584,-3.193315521045094,-1.7232813075976208
242,242,Y4UsUD3D,12,create balloon drop,3.0,0.334298016052999,0.878121560527608,0.1592843727965182,-3.9917882103759585,-0.8104721328764859
57,57,Y4UsUD3D,12,dental dam,2.0,0.8205424510388033,0.8332011439434113,-0.49378155566920584,0.5744181986653385,-1.3793245142302695
30,30,Y4UsUD3D,12,hair freezer,2.0,0.8613723535066424,0.9163228503178138,-0.49378155566920584,0.957842149490855,-0.32670781543715094
116,116,Y4UsUD3D,12,art,1.0,0.7749127183925144,0.9846859727559838,-1.1468474841349299,0.1459201786141515,0.5390126732150952
83,83,Y4UsUD3D,12,dog toy,2.0,0.6927633363686068,0.998914043937361,-0.49378155566920584,-0.6255252256037914,0.7191907033637512
17,17,Y4UsUD3D,12,deflate stretch use whip,4.0,0.6526074960802923,0.998914043937361,0.8123503012622423,-1.0026192180322975,0.7191907033637512
200,200,Y4UsUD3D,12,jar,1.0,0.8406056662607041,0.998914043937361,-1.1468474841349299,0.7628271044349088,0.7191907033637512
107,107,Y4UsUD3D,12,Fill confetti gender reveal,4.0,0.7336065752747046,0.991984047610065,0.8123503012622423,-0.24197603544293392,0.6314322805057091
82,82,Y4UsUD3D,12,toilet weight,2.0,0.8021182496044824,0.9921658114795038,-0.49378155566920584,0.401400883468055,0.6337340581346084
46,46,Y4UsUD3D,12,sound maker,2.0,0.8853424055386476,0.9890051842009345,-0.49378155566920584,1.182939235109513,0.5937092656081213
59,59,Y4UsUD3D,12,fill baked beans funnier prank,5.0,0.7954137269208869,0.9890051842009345,1.4654162297279663,0.338440297711859,0.5937092656081213
60,60,Y4UsUD3D,12,ballast model submarine,3.0,0.8453511047949815,0.9956170021259153,0.1592843727965182,0.8073903946030766,0.677438417243508
109,109,Y4UsUD3D,12,Use slingshot,2.0,0.7205541577445992,0.841432537006296,-0.49378155566920584,-0.3645481993406872,-1.2750857759962984
177,177,YEdpkYEK,5,Use waterproof cover pod play music shower,7.0,0.791905157058822,0.9837674018378784,2.7715480866594144,0.3054921485136121,0.5273802954692833
123,123,YEdpkYEK,5,flotation device,2.0,0.724476828738867,0.9779266405814555,-0.49378155566920584,-0.32771132441561185,0.45341546606020033
236,236,YEdpkYEK,5,grip pencils,2.0,0.872802456906685,0.9522815885523149,-0.49378155566920584,1.065179545347741,0.12865781628696732
282,282,YEdpkYEK,5,cat startles,2.0,0.9809597772250389,0.903958865019567,-0.49378155566920584,2.0808593427665403,-0.4832798825449435
275,275,YEdpkYEK,5,ball,1.0,0.6988084275819768,0.9375542806538364,-1.1468474841349299,-0.5687572047162405,-0.057842327879710075
143,143,YEdpkYEK,5,condoms,1.0,0.8407451234256741,0.9307546984302991,-1.1468474841349299,0.7641367136656885,-0.14394924393691333
284,284,ykbFpiv8,6,eclipse glasses,2.0,0.8217387359879271,0.45325310129795104,-0.49378155566920584,0.585652227496719,-6.190819270617195
125,125,ykbFpiv8,6,hold ink,2.0,0.758927184863535,0.998914043937361,-0.49378155566920584,-0.004196183445809347,0.7191907033637512
135,135,ykbFpiv8,6,Distress Signal,2.0,0.8611789563839488,0.8535356946701936,-0.49378155566920584,0.9560260028831113,-1.1218167152318312
91,91,ykbFpiv8,6,Dip chocolate pop balloon chocolate bowls,6.0,0.576603967123972,0.998914043937361,2.1184821581936903,-1.7163503706371344,0.7191907033637512
171,171,ykbFpiv8,6,science project,2.0,0.906192004231581,0.991462374089623,-0.49378155566920584,1.3787328819414622,0.6248260366870125
166,166,ykbFpiv8,6,fill water ice,3.0,0.7239917570684642,0.9931670220476585,0.1592843727965182,-0.33226651767001336,0.6464129480301165
168,168,ykbFpiv8,6,abstract art,2.0,0.8199494654216405,0.998914043937361,-0.49378155566920584,0.568849611077005,0.7191907033637512
189,189,zGttpJxf,7,party LED lights   leds inside blown balloons,7.0,0.590947776429806,0.9939479779888131,2.7715480866594144,-1.581651052208374,0.656302630286858
124,124,zGttpJxf,7,mailbox marker,2.0,0.8001208137149701,0.9783625007628749,-0.49378155566920584,0.3826434357646044,0.45893500752912203
221,221,zGttpJxf,7,slingshot,1.0,0.7196611387043754,0.9914623740896232,-1.1468474841349299,-0.3729343297958043,0.6248260366870154
289,289,zGttpJxf,7,,,,0.994340461979475,,,0.6612728747705172
33,33,zGttpJxf,7,stretchable covering,2.0,0.7653658781270718,0.9895641526064387,-0.49378155566920584,0.056268061140703686,0.6007877954337874
220,220,zGttpJxf,7,confetti exploded,2.0,0.6530413658544111,0.9232237994693974,-0.49378155566920584,-0.9985448496679002,-0.23931723322557055
39,39,zGttpJxf,7,hand strengthener,2.0,0.954964056930075,0.962824328625419,-0.49378155566920584,1.8367396859071778,0.2621664355879086
51,51,zGttpJxf,7,turn bouncy balls,3.0,0.6486859604823159,0.991462374089623,0.1592843727965182,-1.0394454307195162,0.6248260366870125
